protein_name,pLDDT_mean,pLDDT_std,Frac_Helix,Frac_Sheet,Backbone_Rigidity,Avg_Degree,Avg_Seq_Sep,Frac_Long_Range
16088.result,72.04625,8.019893012289593,0.0,0.0,0.036549726486338696,5.5,1.8888888888888888,0.0
13588.result,75.95,0.9348796714016194,0.0,0.0,0.17018123872560242,3.8,1.4285714285714286,0.0
11352.result,73.05666666666667,8.495075436196357,0.0,0.0,0.03515797999115089,4.0,1.4444444444444444,0.0
260.result,75.73,2.8659588273385914,0.0,0.0,0.22357310513432216,4.0,1.4444444444444444,0.0
9326.result,86.79799999999999,1.834646802218043,0.0,0.0,0.07031687996361169,4.4,1.4705882352941178,0.0
20090.result,80.27714285714286,5.231018748088858,0.0,0.2,0.28561394634131293,4.142857142857143,1.4545454545454546,0.0
9139.result,82.24285714285715,4.337905463414782,0.0,0.0,0.05099225524016171,4.142857142857143,1.4545454545454546,0.0
14724.result,70.26666666666665,5.3136287036261765,0.0,0.0,0.14975861673606172,4.333333333333333,1.4666666666666666,0.0
18226.result,74.23125,7.664061656290912,0.0,0.0,0.08002263595789078,4.25,1.4615384615384615,0.0
20058.result,73.84444444444446,6.707538876352324,0.0,0.0,0.05699894916110387,4.333333333333333,1.4666666666666666,0.0
19936.result,71.0488888888889,3.0630027931934873,0.0,0.0,0.028992612487968694,5.222222222222222,1.7894736842105263,0.0
13629.result,76.38499999999999,6.707699201024786,0.0,0.0,0.047442148607434176,4.25,1.4615384615384615,0.0
17657.result,79.93699999999998,6.015426557332959,0.75,0.0,0.017124101058437424,7.0,2.3333333333333335,0.0
17660.result,78.617,6.818204472016237,0.75,0.0,0.016515613652951622,7.0,2.3333333333333335,0.0
21305.result,86.59375,6.445735993662787,0.5,0.0,0.010668437633896022,6.5,2.272727272727273,0.0
2415.result,78.75,5.45999084248316,0.0,0.6666666666666666,0.3508997046911412,3.8,1.4285714285714286,0.0
17743.result,81.73,6.312273758321959,0.0,0.0,0.09806152056523437,3.0,1.3333333333333333,0.0
18843.result,74.72,2.9698215434601463,0.0,0.5,0.16979568045285953,4.0,1.4444444444444444,0.0
17021.result,70.915,5.910549043870629,0.0,0.0,0.2702739674766582,4.666666666666667,1.7272727272727273,0.0
5585.result,74.40625,4.861010881052858,0.0,0.0,0.256816913931092,5.25,1.8235294117647058,0.0
2422.result,72.15,8.071369152752213,0.0,0.0,0.07992477506256918,4.25,1.4615384615384615,0.0
17847.result,83.01625,8.919990290673764,0.16666666666666666,0.0,0.03584689958073617,6.0,2.1,0.0
17870.result,71.23222222222222,5.36781561200126,0.0,0.0,0.3672125589537702,4.555555555555555,1.5625,0.0
10630.result,74.24125000000001,4.783027844069367,0.0,0.16666666666666666,0.20593401709516473,4.5,1.5714285714285714,0.0
16905.result,70.11833333333333,5.726916855225567,0.0,0.0,0.44182359180037173,5.0,1.9166666666666667,0.0
18419.result,71.55125,7.181902727391558,0.0,0.16666666666666666,0.13899682422791798,4.75,1.6666666666666667,0.0
18558.result,76.798,4.764422315454418,0.0,0.0,0.0857157108064201,4.6,1.7777777777777777,0.0
8626.result,87.15599999999999,6.1135263510059765,0.875,0.0,0.0399945309729931,7.0,2.3333333333333335,0.0
7805.result,86.85,6.345966097788872,0.8333333333333334,0.0,0.011843220590614767,6.5,2.272727272727273,0.0
1052.result,68.8411111111111,3.764626291029577,0.0,0.0,0.22900790608282823,4.555555555555555,1.5625,0.0
1218.result,74.59333333333333,6.0967587016927824,0.0,0.0,0.06770745604447581,5.666666666666667,2.142857142857143,0.0
12597.result,85.67999999999999,7.991753562266544,0.8571428571428571,0.0,0.04279744344634462,6.777777777777778,2.3076923076923075,0.0
7321.result,74.58833333333334,6.351637321720019,0.0,0.0,0.06381600967384998,4.0,1.4444444444444444,0.0
20044.result,77.57285714285715,5.1715591275285435,0.0,0.2,0.2476525407755667,4.142857142857143,1.4545454545454546,0.0
7316.result,74.96,5.801279169286717,0.0,0.0,0.3466682056484506,4.0,1.4444444444444444,0.0
16360.result,66.6875,3.7895151404896095,0.0,0.0,0.1921056554628791,4.0,1.6666666666666667,0.0
14934.result,53.64333333333334,4.997102493779105,0.0,0.0,0.05785693839854633,3.0,1.3333333333333333,0.0
2702.result,76.67714285714285,5.7008236664705265,0.0,0.0,0.1564228848739811,4.142857142857143,1.4545454545454546,0.0
3140.result,85.59400000000001,6.042258959473133,0.75,0.0,0.0214413035681692,7.0,2.3333333333333335,0.0
22838.result,76.97833333333334,5.873351399896541,0.0,0.25,0.11163590835057274,4.0,1.4444444444444444,0.0
2409.result,78.75,5.45999084248316,0.0,0.6666666666666666,0.3508997046911412,3.8,1.4285714285714286,0.0
9584.result,88.51625,6.563744439832235,0.8333333333333334,0.0,0.008315350766907259,6.5,2.272727272727273,0.0
6236.result,75.905,5.490693034581336,0.0,0.25,0.3046742911193686,4.0,1.4444444444444444,0.0
9829.result,54.28,3.8676090805560994,0.0,0.0,0.7600821122441552,1.0,0.0,0.0
17401.result,85.6175,9.224865078378423,0.8333333333333334,0.0,0.21638728719118616,6.5,2.3636363636363638,0.045454545454545456
15900.result,78.1575,5.944836294754344,0.0,0.0,0.05771461705650288,4.25,1.4615384615384615,0.0
17354.result,81.15285714285713,3.8235921778946476,0.0,0.0,0.04288873487697076,6.142857142857143,2.2222222222222223,0.0
4855.result,75.4375,4.0518805157958075,0.0,0.0,0.31754670417901765,4.25,1.4615384615384615,0.0
17345.result,72.102,3.7521420548801214,0.0,0.0,0.2756542036707092,3.8,1.4285714285714286,0.0
18281.result,75.68833333333333,4.74776333305133,0.0,0.0,0.10771498430064202,4.0,1.4444444444444444,0.0
7365.result,75.50125,4.877802308124312,0.0,0.0,0.0915442849298213,4.25,1.4615384615384615,0.0
7430.result,82.264,5.821061758820291,0.875,0.0,0.007627582858573623,7.0,2.3333333333333335,0.0
17779.result,53.64333333333334,4.997102493779105,0.0,0.0,0.05785693839854633,3.0,1.3333333333333333,0.0
21642.result,72.265,8.170230718896496,0.0,0.0,0.16381174712662017,4.0,1.4444444444444444,0.0
8596.result,86.651,6.831218290563796,1.0,0.0,0.010763885884919333,7.0,2.3333333333333335,0.0
20055.result,72.54222222222224,3.474319277850619,0.0,0.0,0.11965230742776917,4.555555555555555,1.5625,0.0
16976.result,81.97625,4.549982535288306,0.0,0.3333333333333333,0.4360538099608984,6.5,2.8181818181818183,0.22727272727272727
4574.result,80.31888888888889,7.872114462526005,0.5714285714285714,0.0,0.029470865380693212,6.555555555555555,2.24,0.0
17917.result,71.31333333333333,4.445391621293525,0.0,0.0,0.09866843489556482,4.666666666666667,1.7272727272727273,0.0
17920.result,75.94833333333334,4.123131900226656,0.0,0.0,0.26697380397059345,4.333333333333333,1.6,0.0
8076.result,73.375,5.049458166751932,0.0,0.25,0.35460314642599267,6.8,3.103448275862069,0.2413793103448276
9892.result,73.26,5.775285274339268,0.0,0.0,0.27049485894087477,4.333333333333333,1.6,0.0
8600.result,88.776,5.8062575439491715,1.0,0.0,0.007367850218045202,7.0,2.3333333333333335,0.0
10002.result,84.862,6.9649292889447185,0.75,0.0,0.018296238213287075,7.0,2.3333333333333335,0.0
16855.result,69.955,7.287942782431817,0.0,0.0,0.3327038946629395,4.0,1.4444444444444444,0.0
19755.result,88.00857142857141,5.538355437526644,0.8,0.0,0.007853052802619165,6.142857142857143,2.2222222222222223,0.0
17786.result,86.02,4.072137031093135,0.0,0.0,0.06040248387977826,3.0,1.3333333333333333,0.0
14668.result,52.38333333333333,6.590366707045467,0.0,0.0,0.7818233798422443,1.0,0.0,0.0
8655.result,82.06800000000001,4.468158457351305,0.0,0.125,0.08862797761286334,4.4,1.4705882352941178,0.0
17692.result,75.90666666666667,3.6532378333016684,0.0,0.0,0.10606361384072044,4.0,1.4444444444444444,0.0
8137.result,76.55199999999999,6.479922496107155,0.0,0.0,0.012120500800991973,6.8,2.2758620689655173,0.0
9634.result,75.18714285714285,4.20115346972596,0.0,0.0,0.03997336975754029,5.571428571428571,2.0,0.0
17861.result,71.03999999999999,5.680891215293601,0.0,0.0,0.05397940516986438,5.888888888888889,2.0,0.0
17856.result,71.00714285714285,2.2358422297180276,0.0,0.0,0.2572495461555968,4.714285714285714,1.6923076923076923,0.0
19195.result,72.102,3.7521420548801214,0.0,0.0,0.2756542036707092,3.8,1.4285714285714286,0.0
22835.result,70.826,1.8686305145747788,0.0,0.0,0.10294136708353413,3.8,1.4285714285714286,0.0
9589.result,69.59444444444443,4.545025057992285,0.0,0.0,0.276232928558655,5.222222222222222,1.8421052631578947,0.0
9824.result,53.64333333333334,4.997102493779105,0.0,0.0,0.05785693839854633,3.0,1.3333333333333333,0.0
8681.result,81.369,4.210678092659186,0.0,0.125,0.09785166862969968,4.4,1.4705882352941178,0.0
12565.result,78.7242857142857,4.395546447420227,0.0,0.0,0.05179722713245716,6.142857142857143,2.2222222222222223,0.0
11911.result,75.69111111111111,5.716540571981546,0.0,0.0,0.26972058506895275,5.666666666666667,2.0,0.0
13856.result,85.893,6.726415670903617,1.0,0.0,0.015225111687511117,7.0,2.3333333333333335,0.0
22505.result,75.45666666666666,3.2234991339640016,0.0,0.0,0.1425665960047114,4.0,1.4444444444444444,0.0
13861.result,85.893,6.726415670903617,1.0,0.0,0.015225111687511117,7.0,2.3333333333333335,0.0
18562.result,75.324,7.896545447219308,0.3333333333333333,0.0,0.04504297921962408,5.0,2.0,0.0
15884.result,85.32857142857142,4.675369605964961,0.0,0.2,0.06275635389631828,4.142857142857143,1.4545454545454546,0.0
4568.result,72.61111111111111,6.161703182652594,0.0,0.0,0.03892363687124811,6.333333333333333,2.1666666666666665,0.0
8649.result,82.06800000000001,4.468158457351305,0.0,0.125,0.08862797761286334,4.4,1.4705882352941178,0.0
18262.result,90.005,3.7336733476117954,1.0,0.0,0.01048674339462613,7.0,2.3333333333333335,0.0
23370.result,72.94833333333334,2.264044316409612,0.0,0.0,0.3672314899137251,4.0,1.4444444444444444,0.0
9576.result,54.99666666666667,14.031052467057963,0.0,0.0,0.11472545731637962,3.0,1.3333333333333333,0.0
513.result,75.77333333333333,4.223911299573733,0.0,0.0,0.2640254933787212,4.0,1.4444444444444444,0.0
18414.result,73.39166666666667,7.121540329638432,0.0,0.0,0.15508078063180264,4.0,1.4444444444444444,0.0
10007.result,84.862,6.9649292889447185,0.75,0.0,0.018296238213287075,7.0,2.3333333333333335,0.0
18219.result,76.22749999999999,5.567422460811004,0.0,0.0,0.16175441642822713,4.25,1.4615384615384615,0.0
13878.result,71.55555555555556,2.795912691372493,0.0,0.0,0.09915099549754974,4.333333333333333,1.4666666666666666,0.0
1559.result,70.11500000000001,5.4734893545421,0.0,0.0,0.41087260490461075,5.25,1.8235294117647058,0.0
17853.result,73.22142857142856,4.796882420112144,0.0,0.0,0.3081459514837202,4.142857142857143,1.4545454545454546,0.0
8650.result,82.06800000000001,4.468158457351305,0.0,0.125,0.08862797761286334,4.4,1.4705882352941178,0.0
17697.result,70.01444444444445,5.216464586075301,0.0,0.0,0.05205744987829136,4.333333333333333,1.4666666666666666,0.0
17864.result,69.5811111111111,4.947482805539714,0.0,0.14285714285714285,0.17745267937057335,4.555555555555555,1.5625,0.0
11033.result,74.75333333333333,7.59131960421463,0.0,0.0,0.10882307562613469,3.0,1.3333333333333333,0.0
11127.result,73.86,7.550168210046714,0.0,0.0,0.03286731532332565,4.0,1.4444444444444444,0.0
21584.result,54.74,19.138544876766364,0.0,0.0,0.10218477709720353,1.0,0.0,0.0
17783.result,76.29333333333334,5.144961937015016,0.0,0.0,0.018334211112307208,3.0,1.3333333333333333,0.0
14345.result,76.29333333333334,5.144961937015016,0.0,0.0,0.018334211112307208,3.0,1.3333333333333333,0.0
17668.result,72.58333333333333,5.378110727755612,0.0,0.0,0.1600432795258136,4.333333333333333,1.4666666666666666,0.0
14942.result,86.02,4.072137031093135,0.0,0.0,0.06040248387977826,3.0,1.3333333333333333,0.0
858.result,63.8425,3.820230141409458,0.5,0.0,0.32214229000916705,4.0,1.6666666666666667,0.0
14975.result,74.512,6.3268594982906885,0.0,0.0,0.03860621575838463,4.4,1.4705882352941178,0.0
9484.result,83.3825,5.748378032106101,0.16666666666666666,0.0,0.01886554839103327,6.5,2.272727272727273,0.0
7335.result,66.04666666666667,10.380567742983361,0.0,0.0,0.2810948822717273,4.666666666666667,1.7272727272727273,0.0
20067.result,77.66375,5.1060942230129,0.0,0.0,0.20065277887501332,5.0,1.8125,0.0
6240.result,75.73,2.8659588273385914,0.0,0.0,0.22357310513432216,4.0,1.4444444444444444,0.0
18567.result,77.112,3.687244228417748,0.0,0.0,0.0988908282736295,3.8,1.4285714285714286,0.0
18411.result,71.34333333333333,10.150934275556445,0.0,0.0,0.15271930156682328,5.333333333333333,2.0,0.0
16583.result,81.67,3.2719762486039774,0.0,0.0,0.04428429164476011,4.25,1.4615384615384615,0.0
18426.result,78.39750000000001,5.80819064523786,0.0,0.16666666666666666,0.037007168173042115,4.25,1.4615384615384615,0.0
516.result,75.91833333333334,6.8845578410430015,0.0,0.25,0.14469329354100402,4.0,1.4444444444444444,0.0
8512.result,81.22749999999999,2.46739162448352,0.0,0.0,0.07241257590036587,4.25,1.4615384615384615,0.0
22237.result,73.00125,5.051459301175114,0.0,0.0,0.19385164857920323,4.25,1.4615384615384615,0.0
18267.result,90.005,3.7336733476117954,1.0,0.0,0.01048674339462613,7.0,2.3333333333333335,0.0
11018.result,53.64333333333334,4.997102493779105,0.0,0.0,0.05785693839854633,3.0,1.3333333333333333,0.0
22082.result,86.20428571428572,4.969751359115319,0.0,0.0,0.05626168271199039,4.142857142857143,1.4545454545454546,0.0
15099.result,66.435,4.000379148697451,0.0,0.0,0.16605044733029306,4.0,1.6666666666666667,0.0
17674.result,72.099,7.239145821312222,0.0,0.0,0.010258610692505832,6.0,2.0,0.0
9821.result,76.37625,5.082679095291605,0.0,0.0,0.2418845641233836,4.25,1.4615384615384615,0.0
3148.result,89.175,5.9337644974426755,1.0,0.0,0.01673306407175995,7.0,2.3333333333333335,0.0
7429.result,90.85,5.359788553043237,0.875,0.0,0.14830325256896337,7.0,2.3333333333333335,0.0
12557.result,70.774,6.6108040358189415,0.0,0.0,0.12450909148974904,3.8,1.4285714285714286,0.0
18835.result,67.48625,10.084232299556996,0.0,0.0,0.08669196997650136,4.5,1.5714285714285714,0.0
17735.result,71.52,0.48538644398046393,0.0,0.0,0.035626974258042565,3.0,1.3333333333333333,0.0
12560.result,78.11571428571428,3.5611227496528715,0.0,0.4,0.12977611148590162,4.142857142857143,1.4545454545454546,0.0
3424.result,80.275,9.935503438247535,0.0,0.0,0.02685503474331652,6.5,2.272727272727273,0.0
7338.result,75.06333333333333,7.812486586655152,0.0,0.0,0.2190872330706657,4.0,1.4444444444444444,0.0
19872.result,80.87571428571428,6.193617298323754,0.0,0.0,0.0691146065237509,4.142857142857143,1.4545454545454546,0.0
9782.result,76.67714285714285,5.7008236664705265,0.0,0.0,0.1564228848739811,4.142857142857143,1.4545454545454546,0.0
837.result,70.0175,2.185503374511236,0.0,0.0,0.09271481877080057,4.0,1.6666666666666667,0.0
6752.result,72.265,3.9507539967526633,0.0,0.0,0.22922059559083596,5.0,1.75,0.0
18907.result,74.03166666666667,5.104497689946256,0.0,0.0,0.18423879339586957,4.333333333333333,1.6,0.0
22498.result,75.42875000000001,6.569595415896738,0.0,0.0,0.14875452787210774,4.25,1.4615384615384615,0.0
2410.result,82.45833333333333,3.909539188531902,0.0,0.0,0.04528851289576291,4.0,1.4444444444444444,0.0
8972.result,71.97500000000001,8.468359345233289,0.0,0.0,0.033068169852596974,5.0,1.8333333333333333,0.0
17024.result,61.54333333333333,11.200760390854423,0.0,0.0,0.14942035217283556,1.0,0.0,0.0
17665.result,76.44999999999999,5.258506336298253,0.375,0.0,0.10870953465023253,6.8,2.2758620689655173,0.0
9830.result,28.73,8.730017182113677,0.0,0.0,0.496889972712915,1.6666666666666667,2.0,0.0
13304.result,81.64428571428572,6.0930202066048675,0.2,0.0,0.01018645339455232,6.142857142857143,2.2222222222222223,0.0
862.result,66.6875,3.7895151404896095,0.0,0.0,0.1921056554628791,4.0,1.6666666666666667,0.0
14978.result,74.512,6.3268594982906885,0.0,0.0,0.03860621575838463,4.4,1.4705882352941178,0.0
17652.result,73.048,6.756961513053696,0.625,0.0,0.011897652601422892,7.0,2.3333333333333335,0.0
9489.result,76.47625,6.694795286532024,0.0,0.0,0.07251659761464035,6.0,2.1,0.0
18514.result,66.9525,7.346560986838219,0.0,0.0,0.25020976202448275,4.0,1.6666666666666667,0.0
18276.result,74.7675,5.996473269069632,0.0,0.5,0.5002093721833253,2.5,1.0,0.0
17869.result,70.09444444444445,3.438404830408686,0.0,0.0,0.08260120680112976,4.333333333333333,1.4666666666666666,0.0
10629.result,74.47375,7.1773531482215445,0.0,0.0,0.042743280863139554,5.5,1.8888888888888888,0.0
14209.result,69.85600000000001,5.23406406787944,0.0,0.0,0.09859940244205584,4.4,1.4705882352941178,0.0
23212.result,78.42142857142858,7.200919914778084,0.0,0.0,0.015128588637810025,6.142857142857143,2.2222222222222223,0.0
18223.result,75.80375000000001,3.8660830583790764,0.0,0.16666666666666666,0.029329735163928616,4.25,1.4615384615384615,0.0
17591.result,71.43111111111111,2.5802250117210916,0.0,0.0,0.11557680265079606,4.777777777777778,1.6470588235294117,0.0
2707.result,77.25714285714285,4.662083633904889,0.0,0.0,0.0783843263852782,4.142857142857143,1.4545454545454546,0.0
16365.result,74.2975,11.051266518669554,0.0,0.0,0.020727186661300856,4.0,1.6666666666666667,0.0
7313.result,71.52,7.6461938243808625,0.0,0.0,0.24124704937548586,4.333333333333333,1.6,0.0
20041.result,76.34,5.254559924484638,0.0,0.0,0.2151772023209862,4.142857142857143,1.4545454545454546,0.0
6410.result,73.51285714285714,9.299667940820457,0.0,0.0,0.12516680918373702,4.142857142857143,1.4545454545454546,0.0
17738.result,81.73,6.312273758321959,0.0,0.0,0.09806152056523437,3.0,1.3333333333333333,0.0
5831.result,86.099,3.3979714536764423,0.0,0.0,0.03336268057420477,4.4,1.4705882352941178,0.0
17351.result,80.9557142857143,4.436559692460127,0.0,0.0,0.03150551874278973,6.142857142857143,2.2222222222222223,0.0
2996.result,78.85125,7.747192002820856,0.5,0.0,0.03947208472889513,6.5,2.272727272727273,0.0
17679.result,72.829,7.1492073375693606,0.0,0.0,0.012200719895136491,6.0,2.0,0.0
5197.result,72.52333333333333,2.671513927844411,0.0,0.25,0.18235141523768722,4.0,1.4444444444444444,0.0
9581.result,75.905,5.490693034581336,0.0,0.25,0.3046742911193686,4.0,1.4444444444444444,0.0
16059.result,78.04625,5.8949904580075465,0.0,0.0,0.17220543076497236,4.25,1.4615384615384615,0.0
21075.result,77.555,4.600558972249226,0.0,0.0,0.09863144697532239,4.25,1.4615384615384615,0.0
10635.result,76.705,5.8710500399356675,0.0,0.0,0.015785570377956026,5.75,2.0,0.0
16091.result,85.893,6.726415670903617,1.0,0.0,0.015225111687511117,7.0,2.3333333333333335,0.0
14240.result,72.23499999999999,4.9104090121563875,0.125,0.0,0.1258439405222927,6.4,2.1481481481481484,0.0
19076.result,74.9022222222222,3.4038462721522005,0.0,0.14285714285714285,0.07529747759947913,4.333333333333333,1.4666666666666666,0.0
17842.result,70.265,3.727595292768071,0.0,0.0,0.5269081097918229,4.0,1.6666666666666667,0.0
8676.result,81.369,4.210678092659186,0.0,0.125,0.09785166862969968,4.4,1.4705882352941178,0.0
8737.result,78.7425,5.73101773559586,0.0,0.5,0.09683492733866988,4.25,1.4615384615384615,0.0
4560.result,77.09299999999999,5.1128075566278754,0.0,0.125,0.29005059286577445,4.4,1.4705882352941178,0.0
20089.result,74.85142857142857,8.7998568711304,0.0,0.0,0.12642303685137957,4.428571428571429,1.5833333333333333,0.0
4557.result,71.166,6.099060401223927,0.375,0.0,0.17697564246278025,7.0,2.3333333333333335,0.0
9120.result,76.43875,6.71624562960162,0.0,0.0,0.01366400307648652,6.0,2.1,0.0
9886.result,76.31799999999998,2.558501297417863,0.0,0.375,0.2698271350534069,6.4,3.1481481481481484,0.25925925925925924
11025.result,72.538,6.107426808584956,0.0,0.0,0.11658842025577176,4.4,1.4705882352941178,0.0
17872.result,67.19,5.931226685939426,0.0,0.0,0.2381700931482157,5.0,1.7222222222222223,0.0
17681.result,71.43444444444444,4.930606228221615,0.0,0.14285714285714285,0.17544098900622296,5.666666666666667,1.9047619047619047,0.0
1111.result,85.13125,6.7333486415431825,0.5,0.0,0.019955090558620603,6.5,2.272727272727273,0.0
17845.result,70.265,3.727595292768071,0.0,0.0,0.5269081097918229,4.0,1.6666666666666667,0.0
16096.result,74.33625,5.896856153917951,0.0,0.0,0.04629106823393214,4.25,1.4615384615384615,0.0
10632.result,75.3125,4.124822939922912,0.0,0.0,0.21137737881539215,4.25,1.4615384615384615,0.0
18651.result,65.05555555555556,4.44611940660367,0.0,0.0,0.20491166703194869,5.444444444444445,1.85,0.0
2689.result,75.648,1.9375938686938492,0.0,0.0,0.09735276591450648,4.2,1.625,0.0
19630.result,70.2325,4.870731464574906,0.0,0.0,0.4275399896494007,4.0,1.6666666666666667,0.0
8624.result,86.06400000000001,6.387496814524104,1.0,0.0,0.007253969800640858,7.0,2.3333333333333335,0.0
9438.result,78.58888888888889,7.947144840199599,0.7142857142857143,0.0,0.016016062558754096,6.777777777777778,2.3076923076923075,0.0
23716.result,75.6175,9.465070749112988,0.16666666666666666,0.0,0.043305484681848305,6.5,2.272727272727273,0.0
13859.result,85.893,6.726415670903617,1.0,0.0,0.015225111687511117,7.0,2.3333333333333335,0.0
12595.result,73.49444444444444,7.873996937882169,0.0,0.2857142857142857,0.13121190942013383,4.333333333333333,1.4666666666666666,0.0
4567.result,76.293,4.697171844134865,0.0,0.0,0.0893605862815845,4.4,1.4705882352941178,0.0
7314.result,67.49499999999999,7.426732121195703,0.0,0.25,0.1703886641018783,4.0,1.4444444444444444,0.0
7323.result,74.115,5.674299075656833,0.0,0.0,0.17984462595434875,5.0,1.8333333333333333,0.0
12156.result,71.51666666666667,6.33458338540639,0.0,0.0,0.08400636902493719,5.333333333333333,2.0,0.0
20165.result,80.0425,7.901755229965412,0.0,0.0,0.009943579909730715,6.25,2.1904761904761907,0.0
16362.result,63.8425,3.820230141409458,0.5,0.0,0.32214229000916705,4.0,1.6666666666666667,0.0
6234.result,78.78,4.119446564770564,0.0,0.0,0.11445502137298813,4.0,1.4444444444444444,0.0
2695.result,72.395,4.472747477781412,0.0,0.0,0.17508011858112993,5.0,1.8333333333333333,0.0
18430.result,77.52,5.401780570639032,0.0,0.0,0.1108978306451831,4.142857142857143,1.4545454545454546,0.0
10331.result,75.912,7.026661369384469,0.0,0.0,0.15419805645397716,4.2,1.625,0.0
17859.result,69.94857142857143,2.7077630901504195,0.0,0.0,0.2511575815882156,5.0,1.7857142857142858,0.0
8138.result,76.55199999999999,6.479922496107155,0.0,0.0,0.012120500800991973,6.8,2.2758620689655173,0.0
17918.result,75.94833333333334,4.123131900226656,0.0,0.0,0.26697380397059345,4.333333333333333,1.6,0.0
18224.result,72.25625,6.476778161797952,0.0,0.0,0.18473518485993484,4.25,1.4615384615384615,0.0
8803.result,71.53399999999999,7.033193047574083,0.0,0.0,0.06868694702736117,4.6,1.5555555555555556,0.0
12337.result,74.17125,6.30379123453271,0.0,0.3333333333333333,0.1127771274199571,4.25,1.4615384615384615,0.0
10840.result,87.0775,7.96947703966291,0.5,0.0,0.017102854018957447,6.5,2.272727272727273,0.0
13008.result,71.98555555555556,6.886065841812565,0.0,0.0,0.0908294145889687,4.555555555555555,1.5625,0.0
14198.result,69.789,3.6979437229057144,0.0,0.0,0.0630409375877527,5.8,1.9166666666666667,0.0
17662.result,75.006,6.945051315705145,0.0,0.0,0.026965270611455983,6.0,2.0,0.0
9837.result,59.29333333333333,4.392838869493546,0.0,1.0,0.39478465896659587,1.0,0.0,0.0
17655.result,83.776,6.761668433160561,0.875,0.0,0.003348447803434851,7.0,2.3333333333333335,0.0
19934.result,58.446666666666665,20.854400814536326,0.0,0.0,0.25209912541331936,1.0,0.0,0.0
2420.result,76.485,6.184898659523163,0.0,0.0,0.15652005730588142,4.25,1.4615384615384615,0.0
2417.result,76.5325,5.928285104961998,0.0,0.0,0.16997783668964578,4.25,1.4615384615384615,0.0
17741.result,81.73,6.312273758321959,0.0,0.0,0.09806152056523437,3.0,1.3333333333333333,0.0
22837.result,76.62857142857142,5.466322433993531,0.4,0.0,0.006372264561524066,6.142857142857143,2.2222222222222223,0.0
21202.result,78.50142857142858,6.135319683524862,0.0,0.4,0.1185404222279709,4.142857142857143,1.4545454545454546,0.0
14959.result,69.59375,3.7276071892224456,0.0,0.0,0.07200009789813994,5.25,1.8235294117647058,0.0
17673.result,72.978,5.755213674959813,0.0,0.0,0.0159727829140755,6.0,2.0,0.0
15879.result,77.72714285714287,7.351912935387894,0.0,0.0,0.02061929098103632,5.285714285714286,1.8666666666666667,0.0
17732.result,71.52,0.48538644398046393,0.0,0.0,0.035626974258042565,3.0,1.3333333333333333,0.0
8812.result,79.8411111111111,6.131271166007185,0.0,0.0,0.09937097542766848,4.333333333333333,1.4666666666666666,0.0
17626.result,73.62714285714286,3.4598830148128523,0.0,0.0,0.09728454958243582,4.714285714285714,1.6923076923076923,0.0
17339.result,75.73,2.8659588273385914,0.0,0.0,0.22357310513432216,4.0,1.4444444444444444,0.0
18560.result,76.798,4.764422315454418,0.0,0.0,0.0857157108064201,4.6,1.7777777777777777,0.0
10256.result,67.52250000000001,7.607287624377035,0.0,0.0,0.24973308646687542,2.5,1.3333333333333333,0.0
12598.result,83.28555555555555,9.865757841026596,0.8571428571428571,0.0,0.010228066396133273,6.777777777777778,2.3076923076923075,0.0
17848.result,83.01625,8.919990290673764,0.16666666666666666,0.0,0.03584689958073617,6.0,2.1,0.0
19554.result,71.02499999999999,9.495964932538453,0.0,0.0,0.17360515672483284,5.0,1.9166666666666667,0.0
511.result,70.16833333333334,7.814830559050313,0.0,0.0,0.38746566871775157,4.0,1.4444444444444444,0.0
20116.result,83.9557142857143,4.957999788701278,0.8,0.0,0.014975419148983038,6.142857142857143,2.2222222222222223,0.0
17658.result,69.285,5.849572159093727,0.0,0.0,0.025871098446735852,6.0,2.0,0.0
14972.result,74.512,6.3268594982906885,0.0,0.0,0.03860621575838463,4.4,1.4705882352941178,0.0
7432.result,90.999,5.279356968419544,0.875,0.0,0.12408044533176565,7.0,2.3333333333333335,0.0
16411.result,81.18299999999999,4.244261616190343,0.0,0.0,0.03227190930202789,4.4,1.4705882352941178,0.0
3025.result,77.00571428571428,8.972264406014157,0.0,0.0,0.08195058942179284,4.428571428571429,1.5833333333333333,0.0
21640.result,73.53,8.000837456166698,0.0,0.0,0.040938434933064205,5.285714285714286,1.8666666666666667,0.0
2711.result,75.08,4.795762018004369,0.0,0.0,0.12303679892278302,4.142857142857143,1.4545454545454546,0.0
7332.result,68.98333333333333,6.067449766307644,0.0,0.0,0.3791329924767715,4.666666666666667,1.7272727272727273,0.0
20060.result,74.38222222222223,4.028988017411376,0.0,0.0,0.20238470575983808,4.333333333333333,1.4666666666666666,0.0
20702.result,71.54166666666667,4.172655828925586,0.0,0.0,0.06997086192974716,5.333333333333333,2.0,0.0
20057.result,72.83,5.296756082735923,0.0,0.14285714285714285,0.17936908950718078,4.333333333333333,1.4666666666666666,0.0
8074.result,76.499,6.020495457647614,0.0,0.5,0.33780281415169333,7.0,3.2666666666666666,0.26666666666666666
17922.result,75.94833333333334,4.123131900226656,0.0,0.0,0.26697380397059345,4.333333333333333,1.6,0.0
17915.result,72.84333333333333,6.798089927815508,0.0,0.0,0.03846730342788146,4.333333333333333,1.6,0.0
16787.result,69.59444444444443,4.545025057992285,0.0,0.0,0.276232928558655,5.222222222222222,1.8421052631578947,0.0
18229.result,74.39125,4.4012350133635385,0.0,0.0,0.11285328446189441,4.25,1.4615384615384615,0.0
9663.result,68.22749999999999,5.186605688832396,0.0,0.3333333333333333,0.3856170206519242,4.5,1.5714285714285714,0.0
22995.result,79.48,5.408289933056472,0.0,0.0,0.1806590909245387,4.0,1.4444444444444444,0.0
10000.result,84.862,6.9649292889447185,0.75,0.0,0.018296238213287075,7.0,2.3333333333333335,0.0
8635.result,73.515,8.26698917381655,0.0,0.0,0.29981953344140244,5.0,1.8333333333333333,0.0
2387.result,72.38428571428571,4.667025666463447,0.0,0.0,0.42064494106794414,6.428571428571429,2.526315789473684,0.15789473684210525
21583.result,37.67,24.30390709330498,0.0,0.0,0.5039946974312032,1.0,0.0,0.0
17784.result,76.29333333333334,5.144961937015016,0.0,0.0,0.018334211112307208,3.0,1.3333333333333333,0.0
17854.result,73.13428571428571,2.956162248269747,0.0,0.0,0.28737852292650645,4.428571428571429,1.5833333333333333,0.0
11034.result,80.62666666666667,6.547566978147938,0.0,0.0,0.16774709229067042,3.0,1.3333333333333333,0.0
17863.result,72.25555555555555,5.625911284207898,0.0,0.0,0.015245526778754737,6.333333333333333,2.1666666666666665,0.0
8135.result,70.02199999999999,4.12282481369806,0.0,0.0,0.01433020210793473,6.0,2.0,0.0
15883.result,83.138,2.4219679785019643,0.0,0.0,0.043894382202803506,4.4,1.4705882352941178,0.0
4558.result,68.928,4.201903801320962,0.0,0.125,0.18677276172298624,4.4,1.4705882352941178,0.0
18230.result,73.0625,3.993719176049172,0.0,0.0,0.08537632860814592,4.25,1.4615384615384615,0.0
18565.result,75.86,4.29541034128289,0.0,0.0,0.0645840473647799,4.6,1.7777777777777777,0.0
16395.result,68.90799999999999,5.516635045226593,0.0,0.0,0.09939839085994451,4.8,1.631578947368421,0.0
514.result,75.77333333333333,4.223911299573733,0.0,0.0,0.2640254933787212,4.0,1.4444444444444444,0.0
18424.result,73.00142857142858,6.105646098957447,0.0,0.2,0.05602447663564203,4.142857142857143,1.4545454545454546,0.0
14673.result,78.79,3.81768516250358,0.0,0.0,0.17172149968925832,4.0,1.4444444444444444,0.0
18413.result,71.36,8.884917557298996,0.0,0.0,0.22448280161901019,4.0,1.4444444444444444,0.0
8679.result,81.369,4.210678092659186,0.0,0.125,0.09785166862969968,4.4,1.4705882352941178,0.0
10564.result,85.893,6.726415670903617,1.0,0.0,0.015225111687511117,7.0,2.3333333333333335,0.0
18265.result,74.7675,5.996473269069632,0.0,0.5,0.5002093721833253,2.5,1.0,0.0
9330.result,86.79799999999999,1.834646802218043,0.0,0.0,0.07031687996361169,4.4,1.4705882352941178,0.0
10553.result,76.513,4.977592122033839,0.75,0.0,0.06953530058837382,6.8,2.2758620689655173,0.0
17689.result,70.50666666666666,2.250038888552816,0.0,0.14285714285714285,0.18652631628034622,5.222222222222222,1.7894736842105263,0.0
3223.result,72.42857142857143,5.725354220690713,0.0,0.0,0.23011604574468414,4.428571428571429,1.5833333333333333,0.0
17676.result,79.218,8.043529905043764,0.625,0.0,0.030458090901820944,6.8,2.2758620689655173,0.0
7017.result,77.24833333333333,5.239478663633116,0.0,0.0,0.06733421365451808,4.0,1.4444444444444444,0.0
22080.result,86.20428571428572,4.969751359115319,0.0,0.0,0.05626168271199039,4.142857142857143,1.4545454545454546,0.0
16061.result,70.4725,4.960874778849851,0.0,0.0,0.1864518384792917,4.25,1.4615384615384615,0.0
19834.result,83.7575,9.321507771967855,0.6666666666666666,0.0,0.1982755015234539,6.25,2.238095238095238,0.0
16056.result,74.2325,5.8761229929751675,0.0,0.0,0.17532747299862067,4.25,1.4615384615384615,0.0
11087.result,78.34714285714287,3.783339416819108,0.0,0.0,0.03474245398463077,4.142857142857143,1.4545454545454546,0.0
2708.result,73.03571428571429,4.575277248950265,0.0,0.0,0.05248584836039699,4.142857142857143,1.4545454545454546,0.0
12562.result,76.7057142857143,3.7060664553443403,0.0,0.0,0.06141741939585671,4.142857142857143,1.4545454545454546,0.0
17737.result,71.52,0.48538644398046393,0.0,0.0,0.035626974258042565,3.0,1.3333333333333333,0.0
23548.result,76.29333333333334,5.144961937015016,0.0,0.0,0.018334211112307208,3.0,1.3333333333333333,0.0
19996.result,73.80888888888889,7.901620790136104,0.14285714285714285,0.0,0.1486556390380805,6.555555555555555,2.24,0.0
10005.result,84.862,6.9649292889447185,0.75,0.0,0.018296238213287075,7.0,2.3333333333333335,0.0
11147.result,78.48,6.673625701221188,0.0,0.0,0.0834026488804458,4.0,1.4444444444444444,0.0
4573.result,75.2,6.878883630357471,0.5,0.0,0.1505833760073476,5.666666666666667,2.142857142857143,0.0
18279.result,90.005,3.7336733476117954,1.0,0.0,0.01048674339462613,7.0,2.3333333333333335,0.0
17866.result,69.03222222222222,4.536798920433266,0.0,0.0,0.040897065332840155,5.888888888888889,2.0,0.0
8652.result,82.06800000000001,4.468158457351305,0.0,0.125,0.08862797761286334,4.4,1.4705882352941178,0.0
17851.result,83.01625,8.919990290673764,0.16666666666666666,0.0,0.03584689958073617,6.0,2.1,0.0
14019.result,72.32571428571428,9.271822649193373,0.0,0.0,0.13743811268109535,5.285714285714286,1.8666666666666667,0.0
16082.result,68.32374999999999,3.168645215230005,0.0,0.0,0.19479995295874797,5.0,1.75,0.0
17781.result,53.64333333333334,4.997102493779105,0.0,0.0,0.05785693839854633,3.0,1.3333333333333333,0.0
508.result,80.75166666666667,3.8294512226514494,0.0,0.0,0.09731288078054545,4.0,1.4444444444444444,0.0
18645.result,68.06,3.5678985411583666,0.0,0.0,0.365124998057784,4.777777777777778,1.6470588235294117,0.0
7362.result,75.50125,4.877802308124312,0.0,0.0,0.0915442849298213,4.25,1.4615384615384615,0.0
12249.result,77.875,5.179582029469174,0.0,0.0,0.10611423193612557,4.0,1.4444444444444444,0.0
22497.result,77.424,3.7338893931127632,0.0,0.0,0.08108859190226125,3.8,1.4285714285714286,0.0
21704.result,75.29285714285713,4.501420939680101,0.0,0.0,0.18312458184288494,4.142857142857143,1.4545454545454546,0.0
9486.result,89.60875,5.407731072930944,0.5,0.0,0.012956996015169031,6.5,2.272727272727273,0.0
14977.result,76.31166666666667,3.2010461831511714,0.0,0.25,0.07032512702580318,4.0,1.4444444444444444,0.0
18286.result,75.68833333333333,4.74776333305133,0.0,0.0,0.10771498430064202,4.0,1.4444444444444444,0.0
14940.result,86.02,4.072137031093135,0.0,0.0,0.06040248387977826,3.0,1.3333333333333333,0.0
7337.result,75.55166666666666,7.688649859804169,0.0,0.25,0.2243471835490738,4.0,1.4444444444444444,0.0
18908.result,73.655,6.955193023921048,0.0,0.0,0.10585344039537481,5.0,1.8333333333333333,0.0
6242.result,75.73,2.8659588273385914,0.0,0.0,0.22357310513432216,4.0,1.4444444444444444,0.0
838.result,63.8425,3.820230141409458,0.5,0.0,0.32214229000916705,4.0,1.6666666666666667,0.0
21654.result,86.85249999999999,6.464621853928171,1.0,0.0,0.015077420818148668,6.5,2.272727272727273,0.0
2705.result,76.75999999999999,6.097406552516132,0.0,0.2,0.1912056473168765,4.142857142857143,1.4545454545454546,0.0
6412.result,71.56375,5.664024156274152,0.0,0.0,0.14646769463574277,5.25,1.8235294117647058,0.0
20043.result,77.4557142857143,5.607996841246309,0.0,0.0,0.2135827258769819,4.142857142857143,1.4545454545454546,0.0
7311.result,67.82833333333333,7.644803245778574,0.0,0.0,0.0409521012814722,5.333333333333333,2.0,0.0
9819.result,74.35875,5.915851436123603,0.0,0.0,0.17699510291485981,4.25,1.4615384615384615,0.0
9583.result,71.40125,10.526634840794497,0.0,0.0,0.1128244648503901,4.25,1.4615384615384615,0.0
519.result,80.59333333333333,3.4830714415105892,0.0,0.0,0.09718844106928076,4.0,1.4444444444444444,0.0
18429.result,79.5442857142857,6.3440256860105695,0.0,0.0,0.08528851282791278,4.142857142857143,1.4545454545454546,0.0
10155.result,80.58333333333333,4.749394347352795,0.0,0.5,0.21637634000934924,4.0,1.4444444444444444,0.0
11134.result,70.41666666666667,6.579217785319671,0.0,0.0,0.02864005426967592,5.666666666666667,2.142857142857143,0.0
8674.result,81.369,4.210678092659186,0.0,0.125,0.09785166862969968,4.4,1.4705882352941178,0.0
18268.result,80.71000000000001,6.437546116339672,0.16666666666666666,0.0,0.032473098020903535,6.0,2.1,0.0
22238.result,74.76857142857143,4.559380179262045,0.0,0.2,0.15934347255393683,4.142857142857143,1.4545454545454546,0.0
9140.result,78.27,2.5164021936089647,0.0,0.0,0.04140047666276331,4.0,1.4444444444444444,0.0
17684.result,73.26,3.56497405320151,0.0,0.0,0.04849983756967924,5.0,1.8333333333333333,0.0
7802.result,74.13374999999999,4.70195077296951,0.0,0.0,0.29966042037984314,5.25,1.8823529411764706,0.0
8621.result,89.526,4.703443655686992,0.875,0.0,0.11849879780458678,7.0,2.3333333333333335,0.0
9122.result,74.165,6.527023058025764,0.0,0.0,0.04483868992515544,4.0,1.4444444444444444,0.0
4495.result,74.86625000000001,6.0980815191571285,0.0,0.0,0.16346386774692273,4.25,1.4615384615384615,0.0
8970.result,84.235,8.938478617751459,0.6666666666666666,0.0,0.008448675706940856,6.5,2.272727272727273,0.0
23399.result,71.83428571428571,8.169469295580257,0.0,0.0,0.3857312803231527,6.142857142857143,2.4444444444444446,0.1111111111111111
20354.result,68.50857142857141,8.007965677106407,0.0,0.0,0.05545097069144844,4.142857142857143,1.4545454545454546,0.0
860.result,75.235,5.592104553147531,0.0,0.0,0.17854767268441063,4.0,1.6666666666666667,0.0
17667.result,73.98833333333333,5.514680105560673,0.0,0.0,0.04763500847559188,4.0,1.4444444444444444,0.0
9832.result,65.26,3.183158808479403,0.0,0.0,0.10627498839875205,3.0,1.3333333333333333,0.0
3232.result,83.00125,5.553157242249029,0.16666666666666666,0.0,0.0248101852771328,6.0,2.1,0.0
18274.result,80.71000000000001,6.437546116339672,0.16666666666666666,0.0,0.032473098020903535,6.0,2.1,0.0
9443.result,77.04166666666667,5.298548543390602,0.0,0.0,0.07144070502627536,4.0,1.4444444444444444,0.0
18516.result,66.9525,7.346560986838219,0.0,0.0,0.25020976202448275,4.0,1.6666666666666667,0.0
19301.result,84.3275,4.170134461689626,0.0,0.0,0.030613222101081305,4.25,1.4615384615384615,0.0
18648.result,68.13222222222223,3.076722191626089,0.0,0.0,0.2536930322870218,5.222222222222222,1.7894736842105263,0.0
18221.result,75.125,4.221418177410458,0.0,0.0,0.055282019984961905,4.25,1.4615384615384615,0.0
10008.result,84.862,6.9649292889447185,0.75,0.0,0.018296238213287075,7.0,2.3333333333333335,0.0
9748.result,63.8425,3.820230141409458,0.5,0.0,0.32214229000916705,4.0,1.6666666666666667,0.0
14328.result,76.29333333333334,5.144961937015016,0.0,0.0,0.018334211112307208,3.0,1.3333333333333333,0.0
7361.result,75.50125,4.877802308124312,0.0,0.0,0.0915442849298213,4.25,1.4615384615384615,0.0
18285.result,80.71000000000001,6.437546116339672,0.16666666666666666,0.0,0.032473098020903535,6.0,2.1,0.0
9485.result,83.00125,5.553157242249029,0.16666666666666666,0.0,0.0248101852771328,6.0,2.1,0.0
20645.result,77.37428571428572,5.773557127522158,0.0,0.0,0.07483798293818772,4.142857142857143,1.4545454545454546,0.0
14974.result,76.31166666666667,3.2010461831511714,0.0,0.25,0.07032512702580318,4.0,1.4444444444444444,0.0
7334.result,75.07166666666667,7.86844181948794,0.0,0.0,0.06647126591561126,4.0,1.4444444444444444,0.0
10006.result,84.862,6.9649292889447185,0.75,0.0,0.018296238213287075,7.0,2.3333333333333335,0.0
18218.result,76.7975,4.410046161080081,0.0,0.0,0.17103002463542055,4.25,1.4615384615384615,0.0
19995.result,83.18888888888888,9.196709254462222,0.5714285714285714,0.0,0.21918665700387258,5.888888888888889,2.090909090909091,0.0
9259.result,54.99666666666667,14.031052467057963,0.0,0.0,0.11472545731637962,3.0,1.3333333333333333,0.0
17852.result,83.01625,8.919990290673764,0.16666666666666666,0.0,0.03584689958073617,6.0,2.1,0.0
17865.result,73.98333333333333,7.596194771067945,0.0,0.0,0.01544740144378981,6.555555555555555,2.24,0.0
9630.result,71.87428571428572,4.07524991930089,0.0,0.0,0.15142481263614244,5.0,1.7857142857142858,0.0
17696.result,73.97,6.290685177307795,0.0,0.0,0.20144501046532992,4.0,1.4444444444444444,0.0
8651.result,82.06800000000001,4.468158457351305,0.0,0.125,0.08862797761286334,4.4,1.4705882352941178,0.0
18646.result,69.55888888888889,4.0002013838194594,0.0,0.0,0.31225908465425123,5.222222222222222,1.8421052631578947,0.0
17782.result,76.29333333333334,5.144961937015016,0.0,0.0,0.018334211112307208,3.0,1.3333333333333333,0.0
9817.result,75.555,3.7860193947129823,0.0,0.0,0.031039693392403922,5.5,1.8888888888888888,0.0
22083.result,86.20428571428572,4.969751359115319,0.0,0.0,0.05626168271199039,4.142857142857143,1.4545454545454546,0.0
9820.result,75.905,9.096270821448911,0.0,0.0,0.05474975373964108,5.5,1.8888888888888888,0.0
17675.result,79.824,6.1218900494682025,0.75,0.0,0.01680061609190625,7.0,2.3333333333333335,0.0
21204.result,74.76,6.4086308990298395,0.0,0.0,0.2333665933266883,4.6,1.7777777777777777,0.0
17734.result,71.52,0.48538644398046393,0.0,0.0,0.035626974258042565,3.0,1.3333333333333333,0.0
9961.result,67.99,7.4220796726164755,0.0,0.0,0.28370461158495686,4.142857142857143,1.4545454545454546,0.0
12561.result,77.45714285714287,5.814701810312988,0.0,0.0,0.04163263628420699,4.142857142857143,1.4545454545454546,0.0
4593.result,94.53200000000001,3.7299740839135427,1.0,0.0,0.014789749088973958,7.0,2.3333333333333335,0.0
18566.result,77.112,3.687244228417748,0.0,0.0,0.0988908282736295,3.8,1.4285714285714286,0.0
16582.result,79.20875000000001,8.80708227588943,0.0,0.0,0.22114588244733002,4.5,1.5714285714285714,0.0
8513.result,83.88333333333333,4.069526999541839,0.0,0.0,0.04992721073287476,4.333333333333333,1.4666666666666666,0.0
517.result,75.91833333333334,6.8845578410430015,0.0,0.25,0.14469329354100402,4.0,1.4444444444444444,0.0
18427.result,80.89428571428572,4.146150251107875,0.0,0.0,0.14929819731195415,4.142857142857143,1.4545454545454546,0.0
22168.result,71.67833333333333,8.745674168791487,0.0,0.5,0.15212630875849714,4.0,1.4444444444444444,0.0
10550.result,71.793,3.535006050599883,0.0,0.0,0.05425202339885132,4.4,1.4705882352941178,0.0
13830.result,84.33999999999999,4.278130432794212,0.14285714285714285,0.0,0.03679901818457687,6.777777777777778,2.3076923076923075,0.0
1341.result,74.43625,5.968493319088159,0.0,0.0,0.02640085553301702,4.25,1.4615384615384615,0.0
7798.result,73.13125,9.205637151069059,0.0,0.0,0.09809741731964605,4.25,1.4615384615384615,0.0
17868.result,70.07777777777778,4.6742774248480865,0.0,0.0,0.09095016657514876,4.333333333333333,1.4666666666666666,0.0
19302.result,78.785,6.853543400523349,0.0,0.0,0.049193807052228644,4.25,1.4615384615384615,0.0
51.result,70.0175,2.185503374511236,0.0,0.0,0.09271481877080057,4.0,1.6666666666666667,0.0
18222.result,74.57124999999999,6.1933891887121995,0.0,0.0,0.04589062066224886,4.25,1.4615384615384615,0.0
15100.result,59.5375,3.2680817513234475,0.0,0.0,0.4010065771879254,2.0,1.0,0.0
7339.result,77.115,6.94803785251635,0.0,0.25,0.08079532635251041,4.0,1.4444444444444444,0.0
3425.result,84.5475,9.600670735497003,0.6666666666666666,0.0,0.0049017500807538306,6.5,2.272727272727273,0.0
17712.result,70.2888888888889,4.331793636718063,0.0,0.0,0.33496890259837336,5.0,1.7222222222222223,0.0
10846.result,73.06,6.832364158913077,0.0,0.0,0.01644094882480196,5.5,1.8888888888888888,0.0
9783.result,76.67857142857143,7.7562070381757895,0.0,0.6,0.15375557050058763,4.142857142857143,1.4545454545454546,0.0
8080.result,67.196,6.078821523215756,0.0,0.25,0.39012963114857246,6.4,2.8518518518518516,0.18518518518518517
836.result,70.0175,2.185503374511236,0.0,0.0,0.09271481877080057,4.0,1.6666666666666667,0.0
8973.result,73.666,5.009973053819752,0.0,0.0,0.218021717778289,3.8,1.4285714285714286,0.0
2411.result,76.5325,5.928285104961998,0.0,0.0,0.16997783668964578,4.25,1.4615384615384615,0.0
9831.result,74.37666666666667,1.7576214988823222,0.0,0.0,0.11469216899872192,3.0,1.3333333333333333,0.0
17664.result,72.64899999999999,4.130879513560707,0.0,0.25,0.2408273422633585,4.6,1.5555555555555556,0.0
9488.result,76.47625,6.694795286532024,0.0,0.0,0.07251659761464035,6.0,2.1,0.0
17653.result,76.246,7.44545379558709,0.625,0.0,0.009825843557362823,7.0,2.3333333333333335,0.0
863.result,58.7725,6.3142556964380185,0.0,0.0,0.4073889008156501,2.0,1.0,0.0
13590.result,70.86500000000001,8.05899187243665,0.0,0.0,0.018974770130895102,5.666666666666667,2.142857142857143,0.0
18893.result,73.12444444444444,4.625908319214484,0.0,0.0,0.25743117996854686,4.333333333333333,1.4666666666666666,0.0
16090.result,74.595,6.439028320661879,0.0,0.0,0.027962318688197985,5.75,2.0,0.0
10634.result,76.45125,3.674753393086398,0.0,0.0,0.091129545814571,4.25,1.4615384615384615,0.0
13929.result,78.631,6.29285211790153,0.625,0.0,0.019527610664598016,7.0,2.3333333333333335,0.0
14362.result,76.29333333333334,5.144961937015016,0.0,0.0,0.018334211112307208,3.0,1.3333333333333333,0.0
1117.result,72.0775,6.256155254741411,0.0,0.0,0.04591459196488812,4.25,1.4615384615384615,0.0
15575.result,75.16714285714286,6.453406630831282,0.0,0.0,0.1601208943085099,4.142857142857143,1.4545454545454546,0.0
8677.result,81.369,4.210678092659186,0.0,0.125,0.09785166862969968,4.4,1.4705882352941178,0.0
17843.result,70.265,3.727595292768071,0.0,0.0,0.5269081097918229,4.0,1.6666666666666667,0.0
12593.result,72.04888888888888,3.8371585986392485,0.0,0.0,0.1357699774395238,4.555555555555555,1.5625,0.0
20088.result,76.20500000000001,9.700350509131102,0.0,0.0,0.057986488881338505,4.25,1.4615384615384615,0.0
7801.result,85.88125,6.154973453580909,0.5,0.0,0.015219520850862478,6.5,2.272727272727273,0.0
9121.result,74.93285714285715,9.615195810600556,0.0,0.4,0.26626006787477186,4.142857142857143,1.4545454545454546,0.0
2706.result,75.51714285714286,5.6666589635802005,0.0,0.0,0.12536750989735557,4.142857142857143,1.4545454545454546,0.0
16364.result,75.235,5.592104553147531,0.0,0.0,0.17854767268441063,4.0,1.6666666666666667,0.0
17739.result,81.73,6.312273758321959,0.0,0.0,0.09806152056523437,3.0,1.3333333333333333,0.0
18839.result,74.1,3.365137441472487,0.0,0.0,0.1454589333707561,5.0,2.0,0.0
20040.result,73.31285714285715,4.772398817805411,0.0,0.2,0.20844312890641925,4.142857142857143,1.4545454545454546,0.0
6411.result,68.79666666666667,8.522489464156978,0.0,0.0,0.3619341673630653,4.666666666666667,1.7272727272727273,0.0
7312.result,68.98333333333333,10.165604097478253,0.0,0.0,0.2905083658992169,4.0,1.4444444444444444,0.0
7447.result,85.893,6.726415670903617,1.0,0.0,0.015225111687511117,7.0,2.3333333333333335,0.0
7158.result,74.41666666666667,10.402097224438284,0.0,0.0,0.0771979465931491,4.0,1.4444444444444444,0.0
14952.result,71.43714285714286,6.53246434940065,0.0,0.0,0.12380433019034492,5.0,1.7857142857142858,0.0
13319.result,76.21714285714286,8.120477642531696,0.0,0.0,0.013008285709788625,6.142857142857143,2.2222222222222223,0.0
17678.result,69.602,3.8292087955607745,0.0,0.0,0.27626522390013625,4.4,1.4705882352941178,0.0
16058.result,76.985,4.869857727461275,0.0,0.0,0.2159443069501104,4.25,1.4615384615384615,0.0
9580.result,72.83999999999999,5.1128426535538924,0.0,0.0,0.2862651722649419,4.0,1.4444444444444444,0.0
21074.result,82.91499999999999,7.823718516701086,0.8333333333333334,0.0,0.006087853139668531,6.5,2.272727272727273,0.0
195.result,77.555,4.600558972249226,0.0,0.0,0.09863144697532239,4.25,1.4615384615384615,0.0
4493.result,65.96000000000001,4.830307098587693,0.0,0.0,0.3147731006756307,4.0,1.6666666666666667,0.0
9975.result,74.73125,7.258743373142686,0.0,0.3333333333333333,0.2524416531399009,4.5,1.5714285714285714,0.0
20059.result,79.52111111111111,4.634424032294747,0.0,0.42857142857142855,0.09319398523554662,4.333333333333333,1.4666666666666666,0.0
10843.result,94.79875,3.480605191629754,1.0,0.0,0.0065614195846508405,6.5,2.272727272727273,0.0
17656.result,87.31300000000002,5.998327637303956,0.875,0.0,0.007955008759697513,7.0,2.3333333333333335,0.0
20118.result,69.438,7.431737347350213,0.0,0.0,0.15913671726345419,5.0,2.0,0.0
17661.result,71.925,4.600529558890176,0.0,0.0,0.029739690649792316,6.4,2.1481481481481484,0.0
17742.result,81.73,6.312273758321959,0.0,0.0,0.09806152056523437,3.0,1.3333333333333333,0.0
2414.result,76.3125,7.169009113306154,0.0,0.0,0.14557990121450776,3.5,1.6,0.0
2423.result,80.305,4.217439981789901,0.0,0.0,0.03427471946378047,4.25,1.4615384615384615,0.0
5584.result,68.5475,3.1511519057851416,0.0,0.0,0.2552416655185837,2.0,1.0,0.0
13589.result,69.45833333333333,6.853992753619358,0.0,0.0,0.28619439402667746,4.0,1.4444444444444444,0.0
261.result,76.99125000000001,3.0080816739481757,0.0,0.0,0.07815811164622694,4.25,1.4615384615384615,0.0
18272.result,90.005,3.7336733476117954,1.0,0.0,0.01048674339462613,7.0,2.3333333333333335,0.0
14025.result,78.2242857142857,7.24644937686234,0.8,0.0,0.0723832391824562,6.142857142857143,2.2222222222222223,0.0
14258.result,67.29700000000001,4.192318504651626,0.0,0.0,0.13443573311654267,5.4,1.8181818181818181,0.0
9138.result,85.82,4.18070739058766,0.0,0.3333333333333333,0.03610363483714546,4.25,1.4615384615384615,0.0
23221.result,75.08500000000001,5.200200545583384,0.0,0.0,0.18051908747114587,4.25,1.4615384615384615,0.0
18227.result,75.595,5.7208316078795995,0.0,0.0,0.3111590156653999,4.5,1.5714285714285714,0.0
19246.result,72.81857142857142,5.6763615945763135,0.0,0.0,0.27868479328092677,4.142857142857143,1.4545454545454546,0.0
7317.result,68.40166666666666,7.0315330239334495,0.0,0.0,0.3032762233353616,5.333333333333333,2.0,0.0
20045.result,73.81714285714285,6.906057037812809,0.0,0.0,0.0981559393918941,4.142857142857143,1.4545454545454546,0.0
12600.result,74.71444444444445,2.850899468199076,0.0,0.14285714285714285,0.34109748448184823,4.333333333333333,1.4666666666666666,0.0
16361.result,58.083333333333336,10.625047450874435,0.0,1.0,0.4863755794558302,1.0,0.0,0.0
19949.result,75.18875,3.327235821862602,0.0,0.0,0.16415417945813088,4.25,1.4615384615384615,0.0
2703.result,74.35571428571428,3.6559442790377124,0.0,0.0,0.21346883955780238,4.142857142857143,1.4545454545454546,0.0
3141.result,87.319,6.944528541713013,1.0,0.0,0.01030222882404186,7.0,2.3333333333333335,0.0
9585.result,67.69875,5.6920833180831085,0.0,0.0,0.47020323854796464,4.75,1.6666666666666667,0.0
2408.result,76.3125,7.169009113306154,0.0,0.0,0.14557990121450776,3.5,1.6,0.0
9828.result,51.72666666666667,9.152651710478956,0.0,0.0,0.22633771350560805,1.0,0.0,0.0
17846.result,70.265,3.727595292768071,0.0,0.0,0.5269081097918229,4.0,1.6666666666666667,0.0
17871.result,72.3722222222222,3.8884662071881806,0.0,0.2857142857142857,0.356470816438555,4.333333333333333,1.4666666666666666,0.0
11026.result,70.084,4.439232165839293,0.0,0.0,0.007998490780551981,7.0,2.3333333333333335,0.0
18652.result,74.50777777777778,7.541380473391091,0.14285714285714285,0.0,0.012303281506291563,6.777777777777778,2.3076923076923075,0.0
16904.result,70.26,4.565062978755057,0.0,0.0,0.11827684404484096,4.0,1.4444444444444444,0.0
10631.result,75.40625,4.9660416473139986,0.0,0.0,0.03842463448977668,6.0,2.1,0.0
23715.result,77.27250000000001,4.957734937880979,0.0,0.0,0.28910947910530355,4.25,1.4615384615384615,0.0
18559.result,76.798,4.764422315454418,0.0,0.0,0.0857157108064201,4.6,1.7777777777777777,0.0
7804.result,80.5,5.826204351278554,0.16666666666666666,0.0,0.016501260558368702,6.5,2.272727272727273,0.0
12596.result,71.24333333333334,5.1290739904977,0.0,0.0,0.04147313189804519,5.666666666666667,1.9047619047619047,0.0
1219.result,69.94714285714285,5.666838372748702,0.0,0.0,0.2706437163939983,4.142857142857143,1.4545454545454546,0.0
17916.result,71.31333333333333,4.445391621293525,0.0,0.0,0.09866843489556482,4.666666666666667,1.7272727272727273,0.0
5514.result,83.515,5.684039056867922,0.0,0.0,0.21484201323980845,4.0,1.6666666666666667,0.0
17921.result,75.94833333333334,4.123131900226656,0.0,0.0,0.26697380397059345,4.333333333333333,1.6,0.0
14237.result,69.434,4.117418824673752,0.0,0.0,0.027076623123100996,5.8,1.9166666666666667,0.0
10003.result,84.862,6.9649292889447185,0.75,0.0,0.018296238213287075,7.0,2.3333333333333335,0.0
17787.result,86.02,4.072137031093135,0.0,0.0,0.06040248387977826,3.0,1.3333333333333333,0.0
14669.result,52.38333333333333,6.590366707045467,0.0,0.0,0.7818233798422443,1.0,0.0,0.0
17860.result,68.53222222222222,5.442498915428873,0.0,0.0,0.15334000866462577,5.444444444444445,1.85,0.0
9635.result,69.11714285714285,7.874411542639689,0.0,0.0,0.43280283516694396,4.428571428571429,1.5833333333333333,0.0
8136.result,70.02199999999999,4.12282481369806,0.0,0.0,0.01433020210793473,6.0,2.0,0.0
1103.result,74.81333333333333,6.948017463036967,0.0,0.0,0.13387942428632438,4.0,1.4444444444444444,0.0
21494.result,83.01857142857143,3.2914709405341798,0.0,0.0,0.26379169863200014,4.142857142857143,1.4545454545454546,0.0
17693.result,71.65222222222222,3.780035640631508,0.0,0.0,0.27440962738256486,4.333333333333333,1.4666666666666666,0.0
8654.result,82.06800000000001,4.468158457351305,0.0,0.125,0.08862797761286334,4.4,1.4705882352941178,0.0
13829.result,90.407,4.792786361930928,0.75,0.0,0.01017980195091045,7.0,2.3333333333333335,0.0
17857.result,73.56285714285715,3.653517548362189,0.0,0.0,0.1876144561596002,4.142857142857143,1.4545454545454546,0.0
17344.result,72.102,3.7521420548801214,0.0,0.0,0.2756542036707092,3.8,1.4285714285714286,0.0
5824.result,79.56428571428572,5.151982974683491,0.0,0.6,0.17123388811610118,4.142857142857143,1.4545454545454546,0.0
14971.result,76.31166666666667,3.2010461831511714,0.0,0.25,0.07032512702580318,4.0,1.4444444444444444,0.0
18280.result,80.71000000000001,6.437546116339672,0.16666666666666666,0.0,0.032473098020903535,6.0,2.1,0.0
20115.result,85.4225,6.3393279274248435,0.8333333333333334,0.0,0.00908796494545594,6.5,2.272727272727273,0.0
7364.result,72.99,5.664535873897055,0.0,0.0,0.049330836269750766,4.142857142857143,1.4545454545454546,0.0
7431.result,86.899,4.8453217987387935,0.875,0.0,0.013752755981728593,7.0,2.3333333333333335,0.0
20001.result,74.01625,5.993141168988811,0.0,0.0,0.02835741490319893,4.25,1.4615384615384615,0.0
21643.result,72.12375,6.090714097237345,0.0,0.0,0.058846030483160505,5.5,1.8888888888888888,0.0
21035.result,73.714,7.227923629923048,0.0,0.0,0.2650899480734197,4.2,1.625,0.0
20054.result,67.37857142857142,5.739580206982123,0.0,0.0,0.25488283694658137,4.714285714285714,1.6923076923076923,0.0
7331.result,74.25,5.202091886923951,0.0,0.0,0.2808988139676872,4.0,1.4444444444444444,0.0
22504.result,73.452,4.20155566427484,0.0,0.0,0.24198669134020845,3.8,1.4285714285714286,0.0
23207.result,75.17857142857143,8.294937067415338,0.0,0.0,0.06047811436904604,5.285714285714286,1.8666666666666667,0.0
13857.result,85.893,6.726415670903617,1.0,0.0,0.015225111687511117,7.0,2.3333333333333335,0.0
18563.result,69.09400000000001,4.208085075185623,0.0,0.0,0.11762916503060877,5.0,2.0,0.0
13860.result,85.893,6.726415670903617,1.0,0.0,0.015225111687511117,7.0,2.3333333333333335,0.0
9436.result,70.37555555555554,6.277621187820889,0.14285714285714285,0.0,0.013007119260086464,6.777777777777778,2.3076923076923075,0.0
15114.result,72.17875000000001,4.026180173031788,0.0,0.0,0.17616018866910627,4.5,1.5714285714285714,0.0
4569.result,73.17,4.348149031484546,0.0,0.0,0.08590846552192088,5.5,1.8888888888888888,0.0
22079.result,86.20428571428572,4.969751359115319,0.0,0.0,0.05626168271199039,4.142857142857143,1.4545454545454546,0.0
18263.result,80.71000000000001,6.437546116339672,0.16666666666666666,0.0,0.032473098020903535,6.0,2.1,0.0
8648.result,82.06800000000001,4.468158457351305,0.0,0.125,0.08862797761286334,4.4,1.4705882352941178,0.0
18501.result,79.80285714285715,4.749142779792702,0.0,0.0,0.08323671988652892,4.142857142857143,1.4545454545454546,0.0
512.result,75.77333333333333,4.223911299573733,0.0,0.0,0.2640254933787212,4.0,1.4444444444444444,0.0
9577.result,59.916666666666664,2.477787992006848,0.0,0.0,0.41848206146304745,1.0,0.0,0.0
22834.result,70.826,1.8686305145747788,0.0,0.0,0.10294136708353413,3.8,1.4285714285714286,0.0
19194.result,72.102,3.7521420548801214,0.0,0.0,0.2756542036707092,3.8,1.4285714285714286,0.0
21201.result,72.22999999999999,8.248961839442066,0.0,0.0,0.09685144613021773,4.5,1.5714285714285714,0.0
840.result,63.8425,3.820230141409458,0.5,0.0,0.32214229000916705,4.0,1.6666666666666667,0.0
8680.result,81.369,4.210678092659186,0.0,0.125,0.09785166862969968,4.4,1.4705882352941178,0.0
12564.result,80.24857142857142,5.651018871470374,0.0,0.0,0.10062461936528166,4.142857142857143,1.4545454545454546,0.0
17625.result,70.25777777777778,4.342351833332306,0.0,0.0,0.29551960762661417,5.0,1.7222222222222223,0.0
9822.result,74.35875,5.915851436123603,0.0,0.0,0.17699510291485981,4.25,1.4615384615384615,0.0
17677.result,78.63199999999999,6.05672041803336,0.625,0.0,0.011035361780570463,7.0,2.3333333333333335,0.0
6568.result,57.75666666666667,8.410768890733673,1.0,0.0,0.2728647694962219,3.0,1.3333333333333333,0.0
22081.result,86.20428571428572,4.969751359115319,0.0,0.0,0.05626168271199039,4.142857142857143,1.4545454545454546,0.0
16060.result,74.80625,8.467328702556838,0.0,0.16666666666666666,0.21671160501001557,4.25,1.4615384615384615,0.0
12263.result,75.55375000000001,7.473690879153543,0.0,0.0,0.1790298927562194,4.25,1.4615384615384615,0.0
16057.result,76.6175,3.4657085443363105,0.0,0.0,0.11300158854273895,4.25,1.4615384615384615,0.0
19835.result,86.11,5.365317192061301,0.5,0.0,0.01325458062930679,6.5,2.272727272727273,0.0
2709.result,75.64999999999999,5.152708025883089,0.0,0.0,0.18940637701513652,4.142857142857143,1.4545454545454546,0.0
22781.result,61.2975,4.960358689987379,0.0,0.0,0.07038596400703057,4.0,1.6666666666666667,0.0
12563.result,81.48285714285714,4.892711294315639,0.0,0.4,0.1022557077482581,4.142857142857143,1.4545454545454546,0.0
17736.result,71.52,0.48538644398046393,0.0,0.0,0.035626974258042565,3.0,1.3333333333333333,0.0
9963.result,73.85875,4.715753045454596,0.0,0.0,0.06004727064331289,5.5,1.8888888888888888,0.0
4559.result,80.63600000000001,3.8064424919397433,0.0,0.0,0.06940660390809716,4.4,1.4705882352941178,0.0
15113.result,76.45125,3.674753393086398,0.0,0.0,0.091129545814571,4.25,1.4615384615384615,0.0
22503.result,67.03,4.888183029852026,0.0,0.0,0.026572942272384215,2.0,1.0,0.0
18231.result,74.91375,3.317313618405281,0.0,0.0,0.0973675972803234,4.25,1.4615384615384615,0.0
8450.result,74.80333333333333,3.782145775438418,0.0,0.25,0.1549604774903558,4.0,1.4444444444444444,0.0
18564.result,67.726,8.396227128895452,0.0,0.0,0.09057602277081589,5.0,2.0,0.0
14672.result,78.79,3.81768516250358,0.0,0.0,0.17172149968925832,4.0,1.4444444444444444,0.0
515.result,75.77333333333333,4.223911299573733,0.0,0.0,0.2640254933787212,4.0,1.4444444444444444,0.0
18412.result,74.53666666666668,7.086191266587901,0.25,0.0,0.0744242943513887,5.666666666666667,2.142857142857143,0.0
8678.result,81.369,4.210678092659186,0.0,0.125,0.09785166862969968,4.4,1.4705882352941178,0.0
17688.result,73.76,2.299399921718706,0.0,0.0,0.22323862725164595,4.333333333333333,1.6,0.0
10552.result,67.03999999999999,3.9228589347849625,0.0,0.0,0.19775251432816665,5.4,1.8181818181818181,0.0
17397.result,87.8575,5.359218359851687,0.5,0.0,0.2168092888166117,6.25,2.238095238095238,0.0
18264.result,75.68833333333333,4.74776333305133,0.0,0.0,0.10771498430064202,4.0,1.4444444444444444,0.0
22496.result,69.375,3.9312466216201725,0.0,0.0,0.11629558389673977,4.0,1.6666666666666667,0.0
7363.result,72.99,5.664535873897055,0.0,0.0,0.049330836269750766,4.142857142857143,1.4545454545454546,0.0
9487.result,89.60875,5.407731072930944,0.5,0.0,0.012956996015169031,6.5,2.272727272727273,0.0
10099.result,73.76555555555555,3.1519918746370164,0.0,0.14285714285714285,0.15330657492386757,4.333333333333333,1.4666666666666666,0.0
18287.result,74.7675,5.996473269069632,0.0,0.5,0.5002093721833253,2.5,1.0,0.0
14941.result,86.02,4.072137031093135,0.0,0.0,0.06040248387977826,3.0,1.3333333333333333,0.0
7336.result,72.14666666666666,7.930562821557286,0.0,0.25,0.24427026671039104,4.333333333333333,1.6,0.0
21644.result,80.89125,4.912318153668097,0.0,0.0,0.023461779650453374,6.0,2.1,0.0
6243.result,78.4,4.500816592575172,0.0,0.0,0.08090586395795446,3.8,1.4285714285714286,0.0
18909.result,72.04333333333334,6.729929172485149,0.0,0.0,0.06557108213438739,4.0,1.4444444444444444,0.0
10004.result,84.862,6.9649292889447185,0.75,0.0,0.018296238213287075,7.0,2.3333333333333335,0.0
18611.result,75.2242857142857,5.061511161510486,0.0,0.0,0.21751129536421027,4.142857142857143,1.4545454545454546,0.0
7812.result,86.96428571428571,4.674786473351332,0.2,0.0,0.020009259021151082,6.428571428571429,2.3684210526315788,0.05263157894736842
8653.result,82.06800000000001,4.468158457351305,0.0,0.125,0.08862797761286334,4.4,1.4705882352941178,0.0
17867.result,73.33333333333333,4.275371328902323,0.0,0.0,0.16555438287762325,4.333333333333333,1.4666666666666666,0.0
18278.result,90.005,3.7336733476117954,1.0,0.0,0.01048674339462613,7.0,2.3333333333333335,0.0
17850.result,83.01625,8.919990290673764,0.16666666666666666,0.0,0.03584689958073617,6.0,2.1,0.0
17780.result,53.64333333333334,4.997102493779105,0.0,0.0,0.05785693839854633,3.0,1.3333333333333333,0.0
509.result,80.75166666666667,3.8294512226514494,0.0,0.0,0.09731288078054545,4.0,1.4444444444444444,0.0
18428.result,72.91499999999999,6.258461700541347,0.0,0.0,0.30871984254496115,6.25,2.4761904761904763,0.14285714285714285
518.result,80.59333333333333,3.4830714415105892,0.0,0.0,0.09718844106928076,4.0,1.4444444444444444,0.0
11135.result,71.54166666666667,4.172655828925586,0.0,0.0,0.06997086192974716,5.333333333333333,2.0,0.0
16092.result,85.893,6.726415670903617,1.0,0.0,0.015225111687511117,7.0,2.3333333333333335,0.0
16903.result,76.26,5.037463647511513,0.0,0.25,0.383799323398536,6.0,2.3333333333333335,0.06666666666666667
17841.result,70.265,3.727595292768071,0.0,0.0,0.5269081097918229,4.0,1.6666666666666667,0.0
8675.result,81.369,4.210678092659186,0.0,0.125,0.09785166862969968,4.4,1.4705882352941178,0.0
17685.result,69.83333333333333,3.7787861807728675,0.0,0.0,0.16106405472092983,5.222222222222222,1.7894736842105263,0.0
9141.result,82.20714285714287,3.5918784049840093,0.0,0.2,0.13275562078151637,4.142857142857143,1.4545454545454546,0.0
22239.result,77.81285714285715,2.2717373255265394,0.0,0.2,0.07061623537140327,4.142857142857143,1.4545454545454546,0.0
18269.result,75.68833333333333,4.74776333305133,0.0,0.0,0.10771498430064202,4.0,1.4444444444444444,0.0
9885.result,75.91833333333334,2.2947105845109683,0.0,0.0,0.21508131846208645,4.666666666666667,1.7272727272727273,0.0
9123.result,78.474,3.6101772809655754,0.0,0.3333333333333333,0.0787510254621725,3.8,1.4285714285714286,0.0
8620.result,84.87499999999999,7.7608422366533265,1.0,0.0,0.008968697503601464,7.0,2.3333333333333335,0.0
21662.result,84.275,4.9239473131682825,0.16666666666666666,0.0,0.02804577021631771,6.0,2.1,0.0
2704.result,76.67857142857143,7.7562070381757895,0.0,0.6,0.15375557050058763,4.142857142857143,1.4545454545454546,0.0
21655.result,80.7825,6.485065810878759,0.16666666666666666,0.0,0.032835669316668425,6.0,2.1,0.0
7310.result,72.70833333333333,6.279698771968816,0.0,0.25,0.19278983261553811,4.0,1.4444444444444444,0.0
20042.result,73.83285714285714,4.455549776349021,0.0,0.2,0.1479931078689225,4.142857142857143,1.4545454545454546,0.0
12559.result,76.92857142857143,2.8436972915052494,0.0,0.2,0.28068174630247616,4.142857142857143,1.4545454545454546,0.0
13633.result,76.21125,5.942155543235129,0.0,0.0,0.10805919773231148,4.25,1.4615384615384615,0.0
9818.result,78.84375,6.797108497631285,0.0,0.0,0.029023411447210212,5.75,2.0,0.0
2995.result,77.07428571428571,7.476366892064748,0.0,0.0,0.007604152725369073,6.142857142857143,2.2222222222222223,0.0
9582.result,76.03125,4.750207326302416,0.0,0.0,0.06610816519548712,4.25,1.4615384615384615,0.0
18517.result,66.9525,7.346560986838219,0.0,0.0,0.25020976202448275,4.0,1.6666666666666667,0.0
9442.result,77.24833333333333,5.239478663633116,0.0,0.0,0.06733421365451808,4.0,1.4444444444444444,0.0
18275.result,75.68833333333333,4.74776333305133,0.0,0.0,0.10771498430064202,4.0,1.4444444444444444,0.0
16591.result,76.395,4.689134603883038,0.0,0.0,0.1516966817845803,4.4,1.4705882352941178,0.0
18649.result,65.75333333333333,4.995500475427862,0.0,0.0,0.42051322253443907,5.222222222222222,1.7894736842105263,0.0
18217.result,75.72625000000001,10.819650030648603,0.0,0.0,0.042469481650941554,4.25,1.4615384615384615,0.0
10009.result,84.862,6.9649292889447185,0.75,0.0,0.018296238213287075,7.0,2.3333333333333335,0.0
18220.result,76.60625,6.8111734619352795,0.0,0.0,0.06152791543765168,4.25,1.4615384615384615,0.0
1560.result,74.1125,9.221982665658958,0.0,0.0,0.1855575373817045,5.25,1.8235294117647058,0.0
17592.result,77.7825,3.699856174810815,0.0,0.0,0.04840723005258635,4.25,1.4615384615384615,0.0
20455.result,75.05166666666666,7.808870383523258,0.0,0.0,0.013811340669736882,5.666666666666667,2.142857142857143,0.0
4494.result,72.83999999999999,5.1128426535538924,0.0,0.0,0.2862651722649419,4.0,1.4444444444444444,0.0
6751.result,76.42875000000001,4.09091829544419,0.0,0.16666666666666666,0.1006270043580284,4.25,1.4615384615384615,0.0
8971.result,77.3,8.007207170210263,0.0,0.2,0.1141788581257035,4.142857142857143,1.4545454545454546,0.0
17666.result,67.13,5.289662875206068,0.0,0.125,0.4521995948723625,4.8,1.631578947368421,0.0
3116.result,85.893,6.726415670903617,1.0,0.0,0.015225111687511117,7.0,2.3333333333333335,0.0
7315.result,74.20833333333333,5.610898026757095,0.0,0.0,0.1474624663041112,4.0,1.4444444444444444,0.0
20164.result,89.1242857142857,5.414501691885279,0.4,0.0,0.007747891580542843,6.142857142857143,2.2222222222222223,0.0
16363.result,75.235,5.592104553147531,0.0,0.0,0.17854767268441063,4.0,1.6666666666666667,0.0
22482.result,75.135,5.140676025582628,0.0,0.25,0.18778996945185017,4.0,1.4444444444444444,0.0
15903.result,72.06625,4.595656140002517,0.0,0.0,0.11937188945196747,4.5,1.5714285714285714,0.0
9493.result,74.5525,7.276965124869807,0.0,0.0,0.007863669070068191,6.25,2.1904761904761907,0.0
21150.result,71.66,7.166491470726804,0.0,0.0,0.13127977993458634,4.6,1.7777777777777777,0.0
6235.result,80.335,6.178523286352491,0.0,0.0,0.08969312197945273,4.0,1.4444444444444444,0.0
17680.result,71.28166666666667,7.0645747689911715,0.0,0.0,0.503736007537569,4.666666666666667,1.7272727272727273,0.0
8647.result,82.06800000000001,4.468158457351305,0.0,0.125,0.08862797761286334,4.4,1.4705882352941178,0.0
17873.result,68.11888888888889,3.6421128635877147,0.0,0.0,0.11846343662374198,4.777777777777778,1.6470588235294117,0.0
17844.result,70.265,3.727595292768071,0.0,0.0,0.5269081097918229,4.0,1.6666666666666667,0.0
10633.result,74.57875,3.536767844475274,0.0,0.16666666666666666,0.260741669482786,4.25,1.4615384615384615,0.0
16097.result,74.03999999999999,5.299784362190059,0.0,0.0,0.06662448343394167,4.25,1.4615384615384615,0.0
9578.result,53.70666666666667,14.423235882884718,0.0,0.0,0.37641553752988116,3.0,1.3333333333333333,0.0
9439.result,73.60666666666667,6.350435024468799,0.0,0.0,0.021271993529504873,6.111111111111111,2.0869565217391304,0.0
8625.result,88.91300000000001,4.100623394341674,0.875,0.0,0.11439320283735643,7.0,2.3333333333333335,0.0
13858.result,85.893,6.726415670903617,1.0,0.0,0.015225111687511117,7.0,2.3333333333333335,0.0
10010.result,84.862,6.9649292889447185,0.75,0.0,0.018296238213287075,7.0,2.3333333333333335,0.0
4566.result,76.112,7.609793105670556,0.5,0.0,0.05594218471670881,6.8,2.2758620689655173,0.0
8731.result,78.7425,5.73101773559586,0.0,0.5,0.09683492733866988,4.25,1.4615384615384615,0.0
12594.result,71.36333333333333,6.221838554639616,0.0,0.0,0.01350207611909493,6.111111111111111,2.0869565217391304,0.0
7806.result,73.14875,7.309947112374636,0.0,0.0,0.13453420738068955,5.5,1.8888888888888888,0.0
12454.result,75.09333333333333,4.592653553956219,0.0,0.0,0.272548756651129,4.0,1.4444444444444444,0.0
7309.result,72.70833333333333,6.279698771968816,0.0,0.25,0.19278983261553811,4.0,1.4444444444444444,0.0
9784.result,72.01249999999999,5.890311051694492,0.0,0.16666666666666666,0.329951338699725,4.25,1.4615384615384615,0.0
8598.result,85.88699999999999,7.081803050385151,0.75,0.0,0.015366829658622905,7.0,2.3333333333333335,0.0
14199.result,74.931,2.8456377922083544,0.0,0.125,0.14095858337910977,4.4,1.4705882352941178,0.0
17663.result,73.107,4.307440719911947,0.0,0.0,0.03997747746217756,6.4,2.1481481481481484,0.0
19935.result,75.365,4.0383598155686915,0.0,0.0,0.15782163363943336,4.0,1.4444444444444444,0.0
864.result,64.3825,6.199313806113273,0.0,0.0,0.19644142005751186,2.5,1.6666666666666667,0.0
17654.result,83.327,6.739744555001077,1.0,0.0,0.0063531259272177065,7.0,2.3333333333333335,0.0
2421.result,73.0625,6.5821940545253295,0.0,0.0,0.08479783912857031,4.25,1.4615384615384615,0.0
17740.result,81.73,6.312273758321959,0.0,0.0,0.09806152056523437,3.0,1.3333333333333333,0.0
2416.result,82.45833333333333,3.909539188531902,0.0,0.0,0.04528851289576291,4.0,1.4444444444444444,0.0
17022.result,73.69,7.762071602063175,0.25,0.0,0.17320791737412417,6.2,2.1153846153846154,0.0
18431.result,78.61428571428571,6.598342865555605,0.2,0.0,0.34061907681645043,4.714285714285714,1.7692307692307692,0.0
11351.result,71.97833333333334,9.863987868335336,0.0,0.0,0.05731749113661477,4.0,1.4444444444444444,0.0
17858.result,70.33,6.03,0.0,0.0,0.31901729098766873,4.428571428571429,1.5833333333333333,0.0
4671.result,71.05166666666666,5.7977768727906955,0.0,0.0,0.12258836146824703,4.0,1.4444444444444444,0.0
18270.result,74.7675,5.996473269069632,0.0,0.5,0.5002093721833253,2.5,1.0,0.0
8078.result,72.36800000000001,5.411969861129845,0.0,0.25,0.41048277593057325,6.2,2.6153846153846154,0.15384615384615385
17919.result,75.94833333333334,4.123131900226656,0.0,0.0,0.26697380397059345,4.333333333333333,1.6,0.0
18225.result,73.63,6.465890724188188,0.0,0.3333333333333333,0.2443860007669587,4.25,1.4615384615384615,0.0
23541.result,69.35666666666667,0.5204164998665332,0.0,0.0,0.08740001413902354,3.0,1.3333333333333333,0.0
8628.result,83.606,7.352591682151572,0.75,0.0,0.023758091736509446,7.0,2.3333333333333335,0.0
18561.result,75.324,7.896545447219308,0.3333333333333333,0.0,0.04504297921962408,5.0,2.0,0.0
22506.result,71.32,5.88378643877757,0.0,0.0,0.1791888941945705,4.25,1.4615384615384615,0.0
17586.result,76.69555555555556,4.666259506047404,0.0,0.0,0.03660731751424262,4.333333333333333,1.4666666666666666,0.0
12599.result,69.21333333333334,8.695435584259133,0.0,0.0,0.2869895632476456,4.555555555555555,1.5625,0.0
10048.result,78.78,6.43260185824264,0.0,0.2,0.08745863627724476,4.142857142857143,1.4545454545454546,0.0
17849.result,83.01625,8.919990290673764,0.16666666666666666,0.0,0.03584689958073617,6.0,2.1,0.0
15143.result,82.96428571428571,4.344294561617024,0.6,0.0,0.01270657457628166,6.142857142857143,2.2222222222222223,0.0
9575.result,54.61333333333334,6.98684716687959,0.0,0.0,0.09366896940179364,1.0,0.0,0.0
8514.result,83.88333333333333,4.069526999541839,0.0,0.0,0.04992721073287476,4.333333333333333,1.4666666666666666,0.0
510.result,70.16833333333334,7.814830559050313,0.0,0.0,0.38746566871775157,4.0,1.4444444444444444,0.0
21203.result,76.75,5.386494221662176,0.0,0.0,0.13391711235052772,4.0,1.4444444444444444,0.0
22836.result,76.62857142857142,5.466322433993531,0.4,0.0,0.006372264561524066,6.142857142857143,2.2222222222222223,0.0
8682.result,81.369,4.210678092659186,0.0,0.125,0.09785166862969968,4.4,1.4705882352941178,0.0
22084.result,86.20428571428572,4.969751359115319,0.0,0.0,0.05626168271199039,4.142857142857143,1.4545454545454546,0.0
6238.result,75.905,5.490693034581336,0.0,0.25,0.3046742911193686,4.0,1.4444444444444444,0.0
14958.result,69.785,5.530716822567268,0.0,0.0,0.040512611963679834,4.25,1.4615384615384615,0.0
7318.result,71.31,4.808417619134177,0.0,0.0,0.1167953683298455,4.0,1.4444444444444444,0.0
7165.result,77.13125,7.060019096493801,0.0,0.0,0.019345922987545505,6.0,2.1,0.0
17733.result,71.52,0.48538644398046393,0.0,0.0,0.035626974258042565,3.0,1.3333333333333333,0.0
15878.result,79.098,7.396704671676435,0.5,0.0,0.06337072456406573,6.8,2.2758620689655173,0.0
22854.result,75.42,4.839779609307295,0.0,0.0,0.11011667548114423,4.142857142857143,1.4545454545454546,0.0
17627.result,77.19,3.8153374686913333,0.0,0.0,0.05386782835901105,3.8,1.4285714285714286,0.0
11912.result,69.35555555555555,3.36801911778686,0.0,0.0,0.23060874985469848,4.333333333333333,1.4666666666666666,0.0
18910.result,70.77666666666666,6.10945387630242,0.0,0.0,0.10865898375155342,5.0,1.8333333333333333,0.0
17923.result,75.94833333333334,4.123131900226656,0.0,0.0,0.26697380397059345,4.333333333333333,1.6,0.0
17914.result,72.84333333333333,6.798089927815508,0.0,0.0,0.03846730342788146,4.333333333333333,1.6,0.0
10001.result,84.862,6.9649292889447185,0.75,0.0,0.018296238213287075,7.0,2.3333333333333335,0.0
18228.result,72.31125,3.5665487018765267,0.0,0.0,0.4046799470694838,4.25,1.4615384615384615,0.0
9662.result,73.57,4.558480323215498,0.0,0.0,0.11519200196822227,4.25,1.4615384615384615,0.0
14235.result,65.838,4.154533801897764,0.0,0.0,0.1671046351670583,5.8,1.9166666666666667,0.0
21582.result,41.13666666666666,3.0563758494879742,0.0,0.0,0.14398286136415062,1.0,0.0,0.0
17785.result,86.02,4.072137031093135,0.0,0.0,0.06040248387977826,3.0,1.3333333333333333,0.0
17855.result,71.48428571428572,5.431868484977818,0.0,0.0,0.2624138357050427,4.142857142857143,1.4545454545454546,0.0
1101.result,72.52333333333333,2.671513927844411,0.0,0.25,0.18235141523768722,4.0,1.4444444444444444,0.0
17862.result,70.13555555555556,4.8881313175668435,0.0,0.0,0.040390900830332366,6.777777777777778,2.3076923076923075,0.0
20117.result,77.94833333333334,8.116608692469207,0.0,0.0,0.29392151770162767,6.0,2.3333333333333335,0.06666666666666667
18282.result,74.7675,5.996473269069632,0.0,0.5,0.5002093721833253,2.5,1.0,0.0
17346.result,72.102,3.7521420548801214,0.0,0.0,0.2756542036707092,3.8,1.4285714285714286,0.0
17659.result,74.20500000000001,3.9171595434560604,0.0,0.0,0.031543839060804324,4.4,1.4705882352941178,0.0
12518.result,77.13666666666667,3.6670678568396644,0.0,0.0,0.16891671296352728,4.0,1.4444444444444444,0.0
7433.result,87.97,6.843777384521568,1.0,0.0,0.02966786351544015,7.0,2.3333333333333335,0.0
4964.result,83.375,6.349150674359074,0.0,0.0,0.04206404281641468,5.75,2.0,0.0
7366.result,72.99,5.664535873897055,0.0,0.0,0.049330836269750766,4.142857142857143,1.4545454545454546,0.0
6246.result,75.02375,4.414116761676598,0.0,0.0,0.09597729794549037,4.25,1.4615384615384615,0.0
2710.result,73.69714285714285,6.275570928305285,0.0,0.0,0.10121414147715119,4.142857142857143,1.4545454545454546,0.0
21641.result,72.265,8.170230718896496,0.0,0.0,0.16381174712662017,4.0,1.4444444444444444,0.0
20061.result,67.59555555555556,5.894974790258035,0.0,0.0,0.34378531884315605,5.0,1.7222222222222223,0.0
7333.result,74.605,4.8269068770797725,0.0,0.0,0.1716574409347531,4.0,1.4444444444444444,0.0
20056.result,75.08999999999999,4.771184339343849,0.0,0.0,0.07291685794106362,4.555555555555555,1.5625,0.0
